month_date_yyyymm,county_fips,county_name,median_listing_price,median_listing_price_mm,median_listing_price_yy,active_listing_count,active_listing_count_mm,active_listing_count_yy,median_days_on_market,median_days_on_market_mm,median_days_on_market_yy,new_listing_count,new_listing_count_mm,new_listing_count_yy,price_increased_count,price_increased_count_mm,price_increased_count_yy,price_increased_share,price_increased_share_mm,price_increased_share_yy,price_reduced_count,price_reduced_count_mm,price_reduced_count_yy,price_reduced_share,price_reduced_share_mm,price_reduced_share_yy,pending_listing_count,pending_listing_count_mm,pending_listing_count_yy,median_listing_price_per_square_foot,median_listing_price_per_square_foot_mm,median_listing_price_per_square_foot_yy,median_square_feet,median_square_feet_mm,median_square_feet_yy,average_listing_price,average_listing_price_mm,average_listing_price_yy,total_listing_count,total_listing_count_mm,total_listing_count_yy,pending_ratio,pending_ratio_mm,pending_ratio_yy,quality_flag
202603,11001,"district of columbia, dc",552500.0,0.0055,-0.0792,2490,0.1718,0.0065,45.0,-0.2275,0.0465,1158,0.3624,-0.0186,16,-0.1111,-0.4286,0.0037,-0.001,-0.0022,618.0,0.5297,-0.1603,0.1414,0.0313,-0.0307,759.0,0.122,0.0961,504.0,0.037,-0.0278,1200.0,0.0,-0.0338,864405.0,0.0283,-0.0856,3248,0.1588,0.0267,0.3046,-0.0135,0.0249,0.0
202602,11001,"district of columbia, dc",549475.0,0.0175,-0.0686,2125,0.0019,-0.0248,58.0,-0.2435,0.0264,850,0.4757,0.0047,18,-0.25,0.125,0.0047,-0.0029,0.0004,404.0,0.1882,-0.276,0.1101,0.0073,-0.0364,676.0,0.1757,-0.0987,486.0,0.0137,-0.0554,1200.0,-0.0062,-0.0206,840600.0,0.0182,-0.1117,2803,0.0345,-0.0474,0.3181,0.047,-0.0261,0.0
202601,11001,"district of columbia, dc",540000.0,-0.0173,-0.0769,2121,-0.1114,-0.0049,77.0,0.0267,0.0548,576,0.7041,-0.2818,24,-0.0769,-0.25,0.0076,0.0005,-0.0013,340.0,-0.2202,-0.1327,0.1028,-0.0276,-0.008,575.0,-0.0589,-0.1691,479.0,-0.0001,-0.0484,1208.0,-0.0187,-0.0325,825612.0,-0.0137,-0.1267,2709,-0.0958,-0.0406,0.2711,0.0151,-0.0536,0.0
202512,11001,"district of columbia, dc",549500.0,-0.0442,-0.0803,2387,-0.1718,0.0284,75.0,0.25,0.1278,338,-0.5087,-0.2588,26,-0.0714,0.1818,0.0071,0.0002,0.0011,436.0,-0.4076,0.101,0.1304,-0.042,0.0201,611.0,-0.1309,-0.2271,479.0,-0.0285,-0.0475,1231.0,-0.023,-0.0248,837059.0,-0.0394,-0.1054,2996,-0.1638,-0.0368,0.256,0.012,-0.0846,0.0
202511,11001,"district of columbia, dc",574900.0,-0.0172,-0.0712,2882,-0.0504,0.1013,60.0,0.2903,0.1215,688,-0.2406,-0.0171,28,0.2727,0.4,0.0069,0.0022,0.0015,736.0,-0.1259,0.1646,0.1723,-0.008,0.0304,703.0,0.0029,-0.2392,493.0,-0.0023,-0.0412,1260.0,-0.0079,-0.016,871366.0,-0.0047,-0.0648,3583,-0.041,0.0182,0.2439,0.013,-0.1091,0.0
202510,11001,"district of columbia, dc",584950.0,-0.0076,-0.0411,3035,0.0173,0.1318,47.0,-0.1058,0.0,906,-0.274,-0.1549,22,0.375,-0.3889,0.0047,0.0014,-0.0031,842.0,-0.0388,0.0578,0.1803,-0.0021,0.0083,701.0,0.081,-0.1993,495.0,0.0104,-0.0358,1270.0,-0.0121,-0.0053,875471.0,0.0037,-0.0584,3736,0.0286,0.0506,0.231,0.0136,-0.0955,0.0
202509,11001,"district of columbia, dc",589450.0,0.0251,-0.0257,2984,0.1038,0.1879,52.0,-0.1875,0.0297,1248,0.7333,0.0146,16,-0.2,-0.2727,0.0033,-0.0016,-0.0017,876.0,0.4408,0.3036,0.1824,0.0395,0.0319,649.0,-0.0629,-0.1159,489.0,0.0085,-0.0406,1285.0,0.0118,-0.0099,872246.0,0.0223,-0.0668,3632,0.0701,0.1196,0.2174,-0.0386,-0.0747,0.0
202508,11001,"district of columbia, dc",575000.0,-0.0385,-0.0171,2703,-0.0496,0.1907,64.0,0.1034,0.1852,720,-0.1529,0.0,20,-0.2308,-0.1667,0.0049,-0.001,-0.0014,608.0,-0.1461,0.1783,0.1429,0.0001,-0.0053,692.0,-0.1323,-0.0156,485.0,-0.0178,-0.0441,1270.0,-0.0055,0.0176,853204.0,-0.0242,-0.0623,3394,-0.0706,0.142,0.256,-0.0244,-0.0537,0.0
202507,11001,"district of columbia, dc",597999.0,-0.0032,-0.0024,2844,-0.0652,0.2107,58.0,0.1373,0.1262,850,-0.1551,0.0341,26,-0.35,0.1818,0.0059,-0.0021,0.0005,712.0,-0.2227,0.1447,0.1428,-0.0448,-0.0141,798.0,-0.0932,0.0127,494.0,-0.0235,-0.0446,1277.0,-0.006,0.0018,874363.0,-0.0414,-0.0718,3652,-0.0692,0.1666,0.2804,-0.0087,-0.0548,0.0
202506,11001,"district of columbia, dc",599900.0,-0.0246,-0.0182,3043,-0.0096,0.2578,51.0,0.1591,0.1087,1006,-0.0953,-0.0754,40,0.1111,0.4286,0.008,0.0005,0.0015,916.0,0.0,0.1337,0.1876,0.0065,-0.0019,880.0,0.0687,0.0144,506.0,-0.018,-0.0315,1285.0,0.0037,-0.0129,912135.0,-0.0136,-0.0544,3924,0.0078,0.1907,0.2891,0.0212,-0.0693,0.0
202505,11001,"district of columbia, dc",615000.0,0.0,-0.0159,3072,0.0832,0.3333,44.0,0.1892,0.0864,1112,-0.109,0.0672,36,0.5,1.0,0.0075,0.0027,0.0031,916.0,0.0481,0.1896,0.1811,-0.0017,-0.0019,823.0,0.0524,-0.0648,515.0,-0.007,-0.021,1280.0,0.0077,-0.0312,924698.0,-0.0034,-0.0624,3893,0.0738,0.2242,0.2679,-0.0078,-0.114,0.0
202504,11001,"district of columbia, dc",615000.0,0.025,-0.016,2836,0.1463,0.3265,37.0,-0.1395,-0.039,1248,0.0576,0.1064,24,-0.1429,0.2,0.0049,-0.0011,-0.0001,874.0,0.1875,0.231,0.1828,0.0107,0.0079,782.0,0.1301,-0.1316,519.0,0.0014,-0.0101,1270.0,0.0227,-0.0335,927889.0,-0.0185,-0.0647,3626,0.1462,0.1936,0.2757,-0.004,-0.1454,0.0
202503,11001,"district of columbia, dc",600000.0,0.017,-0.0244,2474,0.1354,0.3167,43.0,-0.2423,0.0488,1180,0.3948,0.166,28,0.75,0.4,0.0059,0.0016,0.0006,736.0,0.319,0.4046,0.1721,0.0256,0.0314,692.0,-0.0773,-0.153,518.0,0.0076,-0.0194,1242.0,0.0137,-0.0259,945340.0,-0.001,-0.0483,3163,0.0751,0.1737,0.2797,-0.0645,-0.1551,0.0
202502,11001,"district of columbia, dc",589950.0,0.0085,-0.0288,2179,0.0223,0.3166,57.0,-0.2226,0.1823,846,0.0549,0.0682,16,-0.5,0.0,0.0043,-0.0046,-0.0007,558.0,0.4235,0.3099,0.1465,0.0357,0.0116,750.0,0.0838,-0.0512,514.0,0.0212,-0.0233,1225.0,-0.0182,-0.0711,946297.0,0.0009,-0.032,2942,0.042,0.2062,0.3442,0.0195,-0.1334,0.0
202501,11001,"district of columbia, dc",585000.0,-0.0208,-0.0563,2132,-0.0816,0.3444,73.0,0.0977,0.1362,802,0.7588,0.0838,32,0.4545,1.2857,0.0089,0.0028,0.0044,392.0,-0.0101,0.2564,0.1108,0.0005,0.0062,692.0,-0.1246,0.0014,504.0,0.0008,-0.051,1248.0,-0.0109,-0.0602,945423.0,0.0104,-0.0437,2824,-0.0923,0.2419,0.3247,-0.0159,-0.1112,0.0
202412,11001,"district of columbia, dc",597450.0,-0.0348,-0.0441,2321,-0.1131,0.3661,67.0,0.243,0.0391,456,-0.3486,-0.0339,22,0.1,0.1,0.006,0.0007,-0.0008,396.0,-0.3734,0.2222,0.1103,-0.0316,0.0003,791.0,-0.1445,0.0174,503.0,-0.022,-0.0451,1262.0,-0.0143,-0.0783,935703.0,0.0042,-0.0704,3111,-0.1161,0.2573,0.3406,-0.0125,-0.1167,0.0
202411,11001,"district of columbia, dc",619000.0,0.0148,-0.0462,2617,-0.0241,0.3234,54.0,0.1505,0.0754,700,-0.347,0.2367,20,-0.4444,-0.0909,0.0054,-0.0024,-0.0012,632.0,-0.206,-0.0032,0.1419,-0.0301,-0.0383,924.0,0.0554,0.1046,515.0,0.0032,-0.048,1280.0,0.0029,-0.0636,931747.0,0.0021,-0.0891,3519,-0.0104,0.2503,0.3531,0.0266,-0.0699,0.0
202410,11001,"district of columbia, dc",610000.0,0.0083,-0.0757,2682,0.0677,0.3014,47.0,-0.0792,0.1772,1072,-0.1285,0.2553,36,0.6364,0.8,0.0078,0.0028,0.0024,796.0,0.1845,0.1056,0.172,0.0215,-0.0209,876.0,0.1936,0.0716,513.0,0.0054,-0.0488,1276.0,-0.0167,-0.0581,929815.0,-0.0052,-0.0697,3556,0.0962,0.2362,0.3265,0.0344,-0.07,0.0
202409,11001,"district of columbia, dc",604975.0,0.0341,-0.1036,2512,0.1064,0.2939,51.0,-0.0648,0.1477,1230,0.7083,0.156,22,-0.0833,0.1,0.005,-0.0013,-0.0021,672.0,0.3023,0.05,0.1505,0.0023,-0.015,734.0,0.0434,-0.0154,510.0,0.0047,-0.0423,1298.0,0.04,-0.0782,934642.0,0.0272,-0.0688,3244,0.0915,0.2082,0.2921,-0.0176,-0.0918,1.0
202408,11001,"district of columbia, dc",585000.0,-0.0241,-0.0999,2270,-0.0336,0.3182,54.0,0.0485,0.1613,720,-0.1241,0.0227,24,0.0909,0.7143,0.0063,0.0008,0.0018,516.0,-0.1704,0.1026,0.1482,-0.0087,0.0037,703.0,-0.1073,-0.1348,508.0,-0.0183,-0.0309,1248.0,-0.021,-0.1079,909851.0,-0.0341,-0.0873,2972,-0.0506,0.171,0.3097,-0.0256,-0.1621,0.0
202407,11001,"district of columbia, dc",599450.0,-0.0189,-0.1119,2349,-0.0289,0.3226,52.0,0.1196,0.1705,822,-0.2445,0.0123,22,-0.2143,-0.3125,0.0054,-0.0011,-0.0036,622.0,-0.2302,0.187,0.1569,-0.0327,0.0005,788.0,-0.0917,-0.1346,517.0,-0.0101,-0.0329,1275.0,-0.0206,-0.0972,941987.0,-0.0234,-0.0815,3131,-0.0499,0.1625,0.3352,-0.0232,-0.1771,1.0
202406,11001,"district of columbia, dc",611000.0,-0.0223,-0.0948,2419,0.0499,0.3667,46.0,0.1358,0.076,1088,0.0441,0.1079,28,0.5556,0.4,0.0065,0.002,0.0012,808.0,0.0494,0.4532,0.1895,0.0065,0.0371,867.0,-0.0148,-0.1225,523.0,-0.0074,-0.0356,1302.0,-0.0149,-0.0662,964569.0,-0.022,-0.0688,3295,0.0362,0.1936,0.3584,-0.0235,-0.1998,0.0
202405,11001,"district of columbia, dc",624950.0,-0.0001,-0.0599,2304,0.0776,0.3283,41.0,0.0519,0.0658,1042,-0.0762,0.0922,18,-0.1,-0.1,0.0045,-0.0004,-0.0012,770.0,0.0845,0.3415,0.183,0.0081,0.0276,880.0,-0.0228,-0.1522,526.0,0.004,-0.03,1321.0,0.0053,-0.0377,986275.0,-0.0058,-0.0371,3180,0.0469,0.1507,0.3819,-0.0392,-0.2165,0.0
202404,11001,"district of columbia, dc",625000.0,0.0163,-0.0385,2138,0.1378,0.251,39.0,-0.061,0.0694,1128,0.1146,0.119,20,0.0,-0.375,0.0049,-0.0004,-0.0037,710.0,0.355,0.42,0.1749,0.0342,0.0372,901.0,0.1022,-0.0531,524.0,-0.008,-0.0173,1314.0,0.0308,-0.0265,992040.0,-0.0013,0.001,3038,0.1271,0.1432,0.4212,-0.0136,-0.1353,0.0
202403,11001,"district of columbia, dc",615000.0,0.0125,-0.0357,1879,0.1353,0.1987,41.0,-0.1458,0.0933,1012,0.2778,0.008,20,0.25,-0.1667,0.0053,0.0003,-0.0015,524.0,0.23,0.3367,0.1407,0.0057,0.0222,817.0,0.0335,-0.0641,529.0,0.0037,-0.0093,1275.0,-0.0334,-0.0326,993315.0,0.0161,0.0434,2695,0.105,0.0993,0.4348,-0.0428,-0.1221,0.0
202402,11001,"district of columbia, dc",607425.0,-0.0201,-0.0241,1655,0.0438,0.1111,48.0,-0.2529,0.0787,792,0.0703,0.0879,16,0.1429,-0.3846,0.005,0.0005,-0.0036,426.0,0.3654,0.0191,0.135,0.0304,-0.0024,791.0,0.144,-0.0259,527.0,-0.0078,-0.0012,1319.0,-0.0068,0.0044,977550.0,-0.0112,0.0628,2439,0.0728,0.06,0.4776,0.0418,-0.0672,0.0
202401,11001,"district of columbia, dc",619900.0,-0.0082,-0.0198,1586,-0.0668,0.0249,64.0,0.0039,-0.0115,740,0.5678,0.0278,14,-0.3,-0.5333,0.0045,-0.0023,-0.006,312.0,-0.037,-0.1568,0.1046,-0.0054,-0.0191,691.0,-0.1107,0.1091,531.0,0.007,0.0149,1328.0,-0.0299,0.0217,988625.0,-0.0178,0.0779,2274,-0.081,0.0465,0.4358,-0.0215,0.0331,0.0
202312,11001,"district of columbia, dc",625000.0,-0.037,-0.037,1699,-0.1408,-0.0545,64.0,0.2864,0.0667,472,-0.1661,0.2688,20,-0.0909,0.6667,0.0068,0.0002,0.0025,324.0,-0.489,0.209,0.11,-0.0702,0.0149,777.0,-0.0711,0.1954,527.0,-0.025,0.006,1369.0,0.0015,0.0371,1006579.0,-0.0159,0.1025,2474,-0.121,0.0114,0.4573,0.0343,0.0956,0.0
202311,11001,"district of columbia, dc",649000.0,-0.0166,-0.0014,1978,-0.0403,-0.0641,50.0,0.2595,0.0585,566,-0.3372,-0.1652,22,0.1,0.2222,0.0066,0.0012,0.0015,634.0,-0.1194,-0.0094,0.1802,-0.0127,-0.0009,837.0,0.0239,0.1094,541.0,0.0024,0.0187,1367.0,0.0089,0.0352,1022862.0,0.0234,0.0915,2815,-0.0216,-0.0133,0.423,0.0265,0.0662,0.0
202310,11001,"district of columbia, dc",659950.0,-0.0222,0.0207,2061,0.0616,-0.0613,40.0,-0.1023,0.0972,854,-0.1974,-0.0161,20,0.0,-0.1667,0.0054,-0.0017,-0.001,720.0,0.125,-0.0374,0.1929,0.0274,-0.0045,817.0,0.0966,0.0421,539.0,0.0123,-0.0014,1355.0,-0.0376,0.0586,999465.0,-0.0042,0.0859,2877,0.0713,-0.0285,0.3965,0.0127,0.0393,0.0
202309,11001,"district of columbia, dc",674900.0,0.0385,0.0864,1941,0.1272,-0.0236,44.0,-0.0538,0.0732,1064,0.5114,-0.1321,20,0.4286,-0.1667,0.007,0.0026,0.0002,640.0,0.3675,-0.0184,0.1655,0.021,0.0103,745.0,-0.0831,0.0088,533.0,0.0167,-0.0135,1408.0,0.0064,0.1337,1003651.0,0.0068,0.1227,2685,0.0579,-0.012,0.3838,-0.088,0.0123,0.0
202308,11001,"district of columbia, dc",649900.0,-0.0372,0.0847,1722,-0.0304,-0.0557,47.0,0.0568,0.0333,704,-0.133,-0.0712,14,-0.5625,0.1667,0.0045,-0.0045,0.001,468.0,-0.1069,0.04,0.1445,-0.0119,0.0088,813.0,-0.1071,-0.0073,524.0,-0.0203,-0.0218,1399.0,-0.0092,0.1564,996858.0,-0.028,0.121,2538,-0.0576,-0.0394,0.4718,-0.0406,0.023,0.0
202307,11001,"district of columbia, dc",675000.0,0.0,0.0897,1776,0.0034,-0.0573,44.0,0.0292,0.0602,812,-0.1731,-0.1506,32,0.6,0.3333,0.009,0.0037,0.0027,524.0,-0.0576,-0.1813,0.1564,0.004,-0.0149,910.0,-0.0789,-0.0033,535.0,-0.0129,-0.0112,1412.0,0.0131,0.1767,1025618.0,-0.0099,0.1335,2693,-0.0245,-0.0358,0.5124,-0.0458,0.0278,0.0
202306,11001,"district of columbia, dc",675000.0,0.0154,0.0888,1770,0.0205,-0.0911,43.0,0.125,0.2214,982,0.0294,-0.2093,20,0.0,-0.1667,0.0053,-0.0004,-0.0004,556.0,-0.0314,-0.2256,0.1524,-0.0031,-0.0167,988.0,-0.0482,-0.0613,542.0,-0.0016,-0.0204,1394.0,0.0151,0.1964,1035836.0,0.0113,0.1342,2761,-0.0011,-0.0806,0.5582,-0.0403,0.0178,0.0
202305,11001,"district of columbia, dc",664750.0,0.0227,0.1081,1735,0.0149,-0.0291,38.0,0.0556,0.0704,954,-0.0536,-0.2488,20,-0.375,-0.4444,0.0057,-0.0029,-0.0029,574.0,0.148,0.0,0.1555,0.0178,0.0195,1038.0,0.0915,-0.1185,543.0,0.0171,-0.0287,1373.0,0.017,0.2039,1024277.0,0.0335,0.0735,2764,0.0401,-0.0645,0.5984,0.042,-0.0607,0.0
202304,11001,"district of columbia, dc",649999.0,0.0191,0.1208,1709,0.0903,0.1026,36.0,-0.04,0.0286,1008,0.004,-0.2174,32,0.3333,0.3333,0.0086,0.0018,0.0022,500.0,0.2755,0.0417,0.1377,0.0192,0.0099,951.0,0.0893,-0.241,534.0,0.0001,-0.0469,1350.0,0.0243,0.2676,991043.0,0.041,0.0604,2657,0.0838,-0.0524,0.5565,-0.0005,-0.2519,0.0
202303,11001,"district of columbia, dc",637800.0,0.0247,0.1399,1568,0.0524,0.0609,38.0,-0.1573,0.1029,1004,0.3791,-0.1591,24,-0.0769,-0.1429,0.0068,-0.0018,-0.0005,392.0,-0.0622,-0.0249,0.1185,-0.0189,0.0148,873.0,0.0758,-0.2589,534.0,0.0119,-0.0555,1318.0,0.0036,0.2655,951973.0,0.035,0.0039,2452,0.0654,-0.076,0.5569,0.0121,-0.2404,0.0
202302,11001,"district of columbia, dc",622450.0,-0.0158,0.1318,1490,-0.0372,0.0968,45.0,-0.3154,0.2192,728,0.0111,-0.3,26,-0.1333,0.0833,0.0086,-0.0019,0.0016,418.0,0.1297,0.4414,0.1374,0.0137,0.0548,812.0,0.3026,-0.2696,527.0,0.0082,-0.0655,1313.0,0.0104,0.2567,919798.0,0.0028,-0.0157,2301,0.0591,-0.066,0.5448,0.1421,-0.2733,0.0
202301,11001,"district of columbia, dc",632450.0,-0.0255,0.1499,1547,-0.1391,0.1284,65.0,0.0833,0.0484,720,0.9355,-0.2241,30,1.5,0.5,0.0105,0.0062,0.0043,370.0,0.3806,0.3214,0.1237,0.0286,0.0372,623.0,-0.0415,-0.2645,523.0,-0.0018,-0.0657,1300.0,-0.0153,0.2522,917193.0,0.0046,0.011,2173,-0.1118,-0.0084,0.4027,0.041,-0.2151,0.0
202212,11001,"district of columbia, dc",649000.0,-0.0014,0.1163,1797,-0.1496,0.0783,60.0,0.2766,0.1009,372,-0.4513,-0.3381,12,-0.3333,-0.25,0.0043,-0.0008,-0.0011,268.0,-0.5813,-0.1299,0.0951,-0.0859,0.0003,650.0,-0.1379,-0.3631,524.0,-0.0127,-0.0595,1320.0,-0.0004,0.2132,912969.0,-0.0258,0.0093,2446,-0.1425,-0.0894,0.3617,0.0049,-0.2506,0.0
202211,11001,"district of columbia, dc",649900.0,0.0051,0.1072,2113,-0.0374,0.0282,47.0,0.3056,0.0562,678,-0.2189,-0.3234,18,-0.25,-0.1,0.0051,-0.0012,0.0001,640.0,-0.1444,0.1034,0.181,-0.0163,0.0462,754.0,-0.0383,-0.3745,531.0,-0.0173,-0.0451,1321.0,0.0316,0.1929,937156.0,0.0182,0.0424,2853,-0.0366,-0.1238,0.3568,-0.0003,-0.2298,0.0
202210,11001,"district of columbia, dc",646587.0,0.0408,0.0778,2195,0.1041,0.005,36.0,-0.122,0.0909,868,-0.292,-0.2767,24,0.0,-0.1429,0.0063,-0.0006,0.0002,748.0,0.1472,0.0108,0.1973,0.0421,0.0327,784.0,0.0616,-0.3328,540.0,0.0001,-0.0351,1280.0,0.0306,0.1429,920431.0,0.0296,0.0138,2961,0.0896,-0.1208,0.3572,-0.0143,-0.1808,0.0
202209,11001,"district of columbia, dc",621250.0,0.0369,0.0371,1988,0.0902,-0.0151,41.0,-0.0889,0.1389,1226,0.6174,-0.2191,24,1.0,-0.0769,0.0069,0.0034,0.0008,652.0,0.4489,0.0619,0.1552,0.0196,0.0309,739.0,-0.0977,-0.2379,540.0,0.0081,-0.0393,1242.0,0.0267,0.1184,893955.0,0.0053,-0.0324,2718,0.0286,-0.089,0.3715,-0.0774,-0.1086,0.0
202208,11001,"district of columbia, dc",599125.0,-0.0328,0.0243,1824,-0.0321,0.0673,45.0,0.0843,0.0778,758,-0.2071,-0.1521,12,-0.5,0.2,0.0034,-0.0028,0.0007,450.0,-0.2969,-0.0175,0.1357,-0.0356,0.0106,819.0,-0.1035,-0.2606,536.0,-0.0097,-0.0456,1210.0,0.0081,0.1238,889277.0,-0.0171,-0.0322,2642,-0.0541,-0.0611,0.4489,-0.0357,-0.1991,0.0
202207,11001,"district of columbia, dc",619450.0,-0.0008,0.0682,1884,-0.0326,0.0415,42.0,0.1857,0.0921,956,-0.2303,-0.1843,24,0.0,-0.3333,0.0063,0.0006,-0.002,640.0,-0.1086,0.1429,0.1713,0.0022,0.0396,913.0,-0.1325,-0.236,541.0,-0.0221,-0.0639,1200.0,0.03,0.1429,904794.0,-0.0093,-0.0213,2793,-0.0698,-0.0678,0.4846,-0.0558,-0.176,0.0
202206,11001,"district of columbia, dc",619950.0,0.0334,0.0472,1948,0.0901,0.0558,35.0,-0.0141,0.0,1242,-0.022,-0.1026,24,-0.3333,-0.4,0.0057,-0.0029,-0.0031,718.0,0.2509,0.315,0.1691,0.0331,0.0517,1053.0,-0.1062,-0.2264,553.0,-0.01,-0.0486,1165.0,0.0215,0.1004,913268.0,-0.0429,-0.0499,3003,0.0164,-0.058,0.5404,-0.1187,-0.1972,0.0
202205,11001,"district of columbia, dc",599900.0,0.0344,0.0525,1787,0.1526,0.0834,36.0,0.0143,0.0143,1270,-0.014,-0.0231,36,0.5,0.0,0.0085,0.0022,-0.0007,574.0,0.1958,0.2699,0.136,0.0082,0.0318,1178.0,-0.0603,-0.0837,559.0,-0.002,-0.0481,1141.0,0.0709,0.1468,954167.0,0.0209,0.0163,2954,0.0535,-0.0057,0.6591,-0.1493,-0.1202,0.0
202204,11001,"district of columbia, dc",579950.0,0.0366,0.0132,1550,0.0491,-0.0196,35.0,0.0294,-0.0141,1288,0.0787,-0.0108,24,-0.1429,-0.4783,0.0063,-0.0009,-0.0045,480.0,0.194,0.1881,0.1277,0.0241,0.0306,1253.0,0.0637,-0.0321,560.0,-0.009,-0.0568,1065.0,0.0226,0.0701,934600.0,-0.0144,-0.0076,2804,0.0569,-0.0244,0.8084,0.0111,-0.0104,0.0
202203,11001,"district of columbia, dc",559500.0,0.0174,0.0089,1478,0.088,-0.014,34.0,-0.0685,-0.0933,1194,0.1481,-0.0149,28,0.1667,0.0,0.0073,0.0003,0.0001,402.0,0.3862,0.1754,0.1037,0.021,0.0156,1178.0,0.0603,-0.0368,565.0,0.0012,-0.0517,1042.0,-0.0033,0.0558,948256.0,0.0148,0.0102,2653,0.0769,-0.025,0.7973,-0.0208,-0.0189,0.0
202202,11001,"district of columbia, dc",549950.0,-0.0001,-0.0253,1358,-0.0095,-0.0602,37.0,-0.4113,-0.0759,1040,0.1207,0.1207,24,0.2,-0.1429,0.007,0.0008,-0.0009,290.0,0.0357,-0.0645,0.0826,-0.0039,-0.0056,1111.0,0.3117,-0.0624,564.0,0.0079,-0.0503,1045.0,0.0067,0.0311,934433.0,0.03,-0.0296,2464,0.1244,-0.0619,0.8181,0.2003,-0.002,0.0
202201,11001,"district of columbia, dc",549990.0,-0.054,-0.0654,1371,-0.1773,-0.0711,62.0,0.1376,0.0877,928,0.6512,-0.0252,20,0.25,-0.1667,0.0062,0.0008,-0.0015,280.0,-0.0909,-0.1667,0.0865,-0.0083,-0.012,847.0,-0.17,-0.1018,560.0,0.0049,-0.051,1038.0,-0.046,-0.0254,907212.0,0.0029,-0.0639,2191,-0.1843,-0.0935,0.6178,0.0054,-0.0211,0.0
202112,11001,"district of columbia, dc",581375.0,-0.0096,-0.0406,1667,-0.1891,-0.0294,55.0,0.2247,0.0583,562,-0.4391,-0.2017,16,-0.2,-0.3846,0.0054,0.0004,-0.002,308.0,-0.469,-0.0888,0.0948,-0.0401,-0.0018,1021.0,-0.1535,-0.0309,557.0,0.0023,-0.0519,1088.0,-0.0172,-0.0064,904556.0,0.0061,-0.0466,2686,-0.1749,-0.0333,0.6124,0.0257,-0.0009,0.0
202111,11001,"district of columbia, dc",587000.0,-0.0215,-0.0215,2055,-0.0591,0.0601,45.0,0.3485,0.0854,1002,-0.165,0.0245,20,-0.2857,-0.1667,0.005,-0.0011,-0.0009,580.0,-0.2162,0.16,0.1348,-0.0298,0.0116,1206.0,0.026,0.0365,556.0,-0.007,-0.0528,1107.0,-0.0116,0.0255,899034.0,-0.0097,-0.0299,3256,-0.0334,0.0536,0.5866,0.0486,-0.0133,0.0
202110,11001,"district of columbia, dc",599900.0,0.0015,-0.0476,2184,0.082,0.1115,33.0,-0.0833,-0.0294,1200,-0.2357,-0.0196,28,0.0769,-0.2222,0.0061,0.0,-0.002,740.0,0.2052,0.1859,0.1646,0.0403,0.0373,1175.0,0.2126,0.006,560.0,-0.0043,-0.0399,1120.0,0.0086,-0.0088,907882.0,-0.0173,-0.0282,3368,0.1291,0.0682,0.538,0.0579,-0.0564,0.0
202109,11001,"district of columbia, dc",599000.0,0.0241,-0.0774,2019,0.1814,0.1488,36.0,-0.1377,0.1429,1570,0.7562,0.141,26,1.6,0.1818,0.0061,0.0034,0.0001,614.0,0.3406,0.1673,0.1243,-0.0008,-0.0253,969.0,-0.1247,1.5071,562.0,0.0015,-0.0367,1111.0,0.0316,-0.0451,923908.0,0.0055,-0.0529,2983,0.0601,0.392,0.4801,-0.1679,0.2601,0.0
202108,11001,"district of columbia, dc",584900.0,0.0086,-0.1399,1709,-0.0556,0.1528,42.0,0.0987,0.3917,894,-0.2372,-0.2046,10,-0.7222,-0.5833,0.0027,-0.0055,-0.0054,458.0,-0.1821,-0.0458,0.1251,-0.0066,-0.0381,1107.0,-0.0736,1.8753,561.0,-0.0287,-0.0495,1077.0,0.0252,-0.1248,918866.0,-0.0061,-0.1069,2814,-0.0607,0.508,0.6479,-0.0126,0.3882,1.0
202107,11001,"district of columbia, dc",579900.0,-0.0204,-0.1693,1809,-0.0192,0.2633,38.0,0.0857,0.2459,1172,-0.1532,0.0103,36,-0.1,0.6364,0.0082,-0.0005,0.0002,560.0,0.0256,0.3861,0.1317,0.0143,-0.0028,1195.0,-0.1216,2.0177,578.0,-0.0061,0.0185,1050.0,-0.0083,-0.2152,924470.0,-0.0382,-0.1137,2996,-0.0601,0.6457,0.6606,-0.077,0.384,1.0
202106,11001,"district of columbia, dc",592000.0,0.0386,-0.1542,1845,0.1186,0.3222,35.0,0.0,0.0,1384,0.0646,0.2446,40,0.1111,1.0,0.0088,-0.0005,0.0014,546.0,0.208,0.5424,0.1174,0.0132,-0.0083,1361.0,0.0588,2.682,581.0,-0.0095,0.0394,1059.0,0.0646,-0.2317,961198.0,0.0238,-0.0814,3188,0.0729,0.808,0.7376,-0.0417,0.4727,1.0
202105,11001,"district of columbia, dc",570000.0,-0.0042,-0.184,1649,0.043,0.2436,35.0,-0.0141,-0.186,1300,-0.0015,0.4444,36,-0.2174,1.25,0.0092,-0.0017,0.0029,452.0,0.1188,0.4304,0.1042,0.007,-0.0197,1285.0,-0.0073,3.1857,587.0,-0.0111,0.0833,995.0,-0.0008,-0.2819,938824.0,-0.0031,-0.1042,2971,0.0338,0.8194,0.7793,-0.0395,0.5477,1.0
202104,11001,"district of columbia, dc",572400.0,0.0321,-0.1644,1581,0.0551,0.2538,36.0,-0.0533,-0.0274,1302,0.0743,0.8184,46,0.6429,3.6,0.0109,0.0037,0.0064,404.0,0.1813,0.7119,0.0972,0.0091,-0.009,1295.0,0.0585,4.2093,594.0,-0.0036,0.1238,995.0,0.0089,-0.2819,941767.0,0.0033,-0.0776,2874,0.0562,0.916,0.8188,0.0026,0.6217,1.0
202103,11001,"district of columbia, dc",554575.0,-0.0171,-0.2071,1499,0.037,0.2764,38.0,-0.0506,0.25,1212,0.306,0.1744,28,0.0,1.8,0.0072,-0.0007,0.0032,342.0,0.1032,0.3053,0.0881,-0.0001,-0.0167,1223.0,0.0321,3.2318,596.0,0.0027,0.1172,987.0,-0.0266,-0.3058,938693.0,-0.0252,-0.1431,2721,0.0362,0.8535,0.8161,-0.0039,0.57,1.0
202102,11001,"district of columbia, dc",564250.0,-0.0411,-0.1641,1445,-0.021,0.2743,40.0,-0.307,0.197,928,-0.0252,0.11,28,0.1667,0.4,0.0079,0.0002,-0.0005,310.0,-0.0774,-0.019,0.0882,-0.0103,-0.0439,1185.0,0.2566,3.2626,594.0,0.0072,0.147,1014.0,-0.0484,-0.2745,962937.0,-0.0064,-0.0694,2626,0.0865,0.8506,0.8201,0.1812,0.5749,1.0
202101,11001,"district of columbia, dc",588450.0,-0.029,-0.1282,1476,-0.1404,0.2403,57.0,0.1068,-0.0087,952,0.3523,0.193,24,-0.0769,2.0,0.0077,0.0002,0.0041,336.0,-0.0059,0.2444,0.0985,0.002,-0.022,943.0,-0.1045,3.0299,590.0,0.0039,0.1488,1065.0,-0.0274,-0.2401,969163.0,0.0215,-0.0445,2417,-0.1301,0.6985,0.6389,0.0256,0.4423,1.0
202012,11001,"district of columbia, dc",606000.0,0.0102,-0.115,1717,-0.1143,0.2866,52.0,0.2561,-0.0283,704,-0.2802,0.6762,26,0.0833,2.25,0.0074,0.0015,0.0037,338.0,-0.324,0.8571,0.0965,-0.0267,0.006,1053.0,-0.0946,3.5882,588.0,0.0013,0.1547,1095.0,0.0144,-0.2359,948778.0,0.0238,-0.059,2779,-0.1008,0.7782,0.6133,0.0133,0.4413,1.0
202011,11001,"district of columbia, dc",599900.0,-0.0476,-0.1293,1939,-0.0135,0.1727,41.0,0.2059,0.025,978,-0.201,0.3145,24,-0.3333,2.0,0.0059,-0.0022,0.0033,500.0,-0.1987,-0.0809,0.1232,-0.0041,-0.0648,1163.0,-0.0043,3.0242,587.0,0.0066,0.1459,1080.0,-0.0447,-0.2462,926756.0,-0.008,-0.0628,3090,-0.02,0.5903,0.5999,0.0055,0.4251,1.0
202010,11001,"district of columbia, dc",629900.0,-0.0298,-0.0735,1965,0.1184,0.1381,34.0,0.0794,0.0303,1224,-0.1105,0.283,36,0.6364,0.3846,0.0081,0.0022,-0.0006,624.0,0.1863,0.0065,0.1273,-0.0223,-0.0825,1168.0,2.022,3.3745,583.0,-0.0011,0.1448,1130.0,-0.0284,-0.2096,934210.0,-0.0424,-0.0367,3153,0.4713,0.5789,0.5944,0.3744,0.4398,0.0
202009,11001,"district of columbia, dc",649225.0,-0.0453,-0.0315,1757,0.1856,0.0549,32.0,0.05,-0.0308,1376,0.2242,0.4515,22,-0.0833,-0.0833,0.006,-0.0021,-0.0024,526.0,0.0958,-0.0804,0.1496,-0.0136,-0.0491,387.0,0.0039,0.4503,584.0,-0.0118,0.1613,1163.0,-0.0545,-0.1905,975555.0,-0.0518,0.0112,2143,0.1484,0.1101,0.22,-0.0398,0.06,0.0
202008,11001,"district of columbia, dc",680000.0,-0.0259,0.0333,1482,0.0349,-0.0632,30.0,-0.0164,-0.1429,1124,-0.031,0.2379,24,0.0909,0.2,0.0081,0.0001,0.0009,480.0,0.1881,-0.04,0.1632,0.0287,-0.0179,385.0,-0.0278,0.4154,591.0,0.0409,0.1909,1230.0,-0.0807,-0.1502,1028865.0,-0.0136,0.0757,1866,0.025,0.007,0.2598,-0.0168,0.0878,0.0
202007,11001,"district of columbia, dc",698081.0,-0.0027,0.0741,1432,0.0265,-0.0856,31.0,-0.1286,-0.1757,1160,0.0432,0.2033,22,0.1,0.5714,0.008,0.0007,0.0031,404.0,0.1412,-0.1888,0.1345,0.0088,-0.0372,396.0,0.0717,0.427,567.0,0.0142,0.1481,1338.0,-0.029,-0.0796,1043067.0,-0.0032,0.0911,1821,0.0326,-0.0079,0.2765,0.0117,0.0993,0.0
202006,11001,"district of columbia, dc",699950.0,0.0021,0.077,1395,0.052,-0.1378,35.0,-0.186,0.0938,1112,0.2356,-0.0544,20,0.25,0.6667,0.0074,0.0011,0.0032,354.0,0.1203,-0.3897,0.1257,0.0019,-0.063,370.0,0.2036,0.2276,559.0,0.0324,0.1201,1378.0,-0.0051,-0.0542,1046423.0,-0.0015,0.066,1763,0.0796,-0.0808,0.2649,0.0334,0.0788,0.0
202005,11001,"district of columbia, dc",698500.0,0.0197,0.0635,1326,0.0515,-0.1181,43.0,0.1781,0.6226,900,0.257,-0.2991,16,0.6,-0.3846,0.0063,0.0018,-0.0021,316.0,0.339,-0.3277,0.1238,0.0177,-0.0378,307.0,0.2354,0.0337,542.0,0.026,0.0595,1385.0,-0.0007,-0.0593,1048027.0,0.0265,0.0371,1633,0.0887,-0.0895,0.2315,0.0345,0.034,0.0
202004,11001,"district of columbia, dc",685000.0,-0.0207,0.0539,1261,0.0741,-0.116,37.0,0.2167,0.3519,716,-0.3062,-0.5028,10,0.0,-0.1667,0.0045,0.0006,0.0008,236.0,-0.0992,-0.3723,0.1061,0.0014,-0.0128,249.0,-0.1401,-0.2571,528.0,-0.0095,0.056,1386.0,-0.0246,-0.051,1020965.0,-0.068,0.0288,1500,0.0218,-0.1477,0.1971,-0.0491,-0.0374,0.0
202003,11001,"district of columbia, dc",699450.0,0.0362,0.1003,1174,0.0353,-0.1153,30.0,-0.0909,-0.0625,1032,0.2344,-0.0915,10,-0.5,-0.375,0.0039,-0.0044,-0.0018,262.0,-0.1709,-0.1709,0.1047,-0.0274,-0.009,289.0,0.0396,-0.0854,533.0,0.0295,0.0708,1421.0,0.0172,-0.023,1095488.0,0.0587,0.1256,1468,0.0345,-0.106,0.2462,0.001,0.008,0.0
202002,11001,"district of columbia, dc",675000.0,0.0,0.0797,1134,-0.0471,-0.0899,33.0,-0.4261,-0.1258,836,0.0476,-0.0095,20,1.5,-0.1667,0.0084,0.0048,-0.0019,316.0,0.1704,0.0748,0.1321,0.0116,0.0048,278.0,0.188,0.0611,518.0,0.0088,0.0518,1397.0,-0.0032,-0.0428,1034711.0,0.0201,0.0784,1419,-0.0028,-0.0661,0.2451,0.0485,0.0349,0.0
202001,11001,"district of columbia, dc",675000.0,-0.0142,0.0894,1190,-0.1083,-0.0689,58.0,0.0849,0.0177,798,0.9,0.1053,8,0.0,-0.6667,0.0036,-0.0002,-0.0066,270.0,0.4835,-0.2012,0.1205,0.03,-0.0245,234.0,0.0196,-0.1818,513.0,0.0091,0.0437,1402.0,-0.022,-0.0353,1014323.0,0.006,0.0507,1423,-0.0893,-0.0884,0.1966,0.0247,-0.0271,0.0
201912,11001,"district of columbia, dc",684725.0,-0.0062,0.1414,1335,-0.1927,-0.1062,53.0,0.325,0.0392,420,-0.4355,-0.2808,8,0.0,-0.6667,0.0038,0.0011,-0.0065,182.0,-0.6654,-0.5,0.0905,-0.0975,-0.0545,230.0,-0.2059,-0.2938,509.0,-0.0063,0.0221,1433.0,0.0007,0.0178,1008312.0,0.0196,0.0743,1563,-0.1958,-0.1443,0.172,-0.0029,-0.0457,0.0
201911,11001,"district of columbia, dc",689000.0,0.0134,0.1024,1653,-0.0426,-0.0997,40.0,0.2121,-0.0123,744,-0.2201,-0.1268,8,-0.6923,-0.7333,0.0026,-0.0061,-0.0072,544.0,-0.1226,-0.0842,0.188,-0.0219,-0.0049,289.0,0.0824,-0.1399,512.0,0.0056,-0.0001,1432.0,0.0016,0.0673,988882.0,0.0197,0.0837,1943,-0.027,-0.1054,0.1748,0.0202,-0.0082,0.0
201910,11001,"district of columbia, dc",679900.0,0.0142,0.0657,1727,0.0366,-0.0573,33.0,0.0154,0.082,954,0.0063,-0.1067,26,0.0833,-0.4091,0.0088,0.0004,-0.0046,620.0,0.0839,-0.146,0.2098,0.0111,-0.0134,267.0,0.0019,-0.301,509.0,0.0133,-0.0314,1430.0,-0.0049,0.0947,969798.0,0.0053,0.0369,1997,0.0344,-0.0966,0.1546,-0.0054,-0.0539,0.0
201909,11001,"district of columbia, dc",670355.0,0.0186,0.0641,1666,0.0528,0.0345,33.0,-0.0714,0.0156,948,0.0441,-0.2708,24,0.2,-0.3333,0.0083,0.0012,-0.0027,572.0,0.144,0.0672,0.1987,0.0176,0.0413,267.0,-0.0202,-0.2185,503.0,0.0134,-0.0386,1437.0,-0.0073,0.1225,964704.0,0.0086,0.0335,1931,0.0418,-0.01,0.16,-0.0119,-0.0518,0.0
201908,11001,"district of columbia, dc",658082.0,0.0126,0.0538,1582,0.0102,0.1204,35.0,-0.0541,-0.1765,908,-0.0581,0.1916,20,0.4286,-0.4118,0.0072,0.0023,-0.0067,500.0,0.004,0.2195,0.1811,0.0094,0.0153,272.0,-0.0198,-0.237,496.0,0.0035,-0.0553,1447.0,-0.0044,0.1315,956490.0,0.0006,-0.0017,1853,0.0098,0.0484,0.1719,-0.0053,-0.0805,0.0
201907,11001,"district of columbia, dc",649900.0,0.0,0.0092,1566,-0.0321,0.0361,37.0,0.1563,0.0137,964,-0.1803,-0.0455,14,0.1667,0.1667,0.0049,0.0007,0.0006,498.0,-0.1414,0.1581,0.1717,-0.017,0.0261,278.0,-0.0781,-0.2678,494.0,-0.0105,-0.0677,1454.0,-0.0022,0.1222,955948.0,-0.0262,-0.0092,1835,-0.0433,-0.0288,0.1772,-0.0088,-0.0735,0.0
201906,11001,"district of columbia, dc",649900.0,-0.0105,0.0014,1618,0.0762,0.0758,32.0,0.2075,0.0667,1176,-0.0841,0.0691,12,-0.5385,-0.25,0.0042,-0.0042,-0.0011,580.0,0.234,0.1417,0.1887,0.0271,0.0261,301.0,0.0135,-0.2867,499.0,-0.0235,-0.069,1457.0,-0.0104,0.1208,981620.0,-0.0286,-0.0168,1918,0.0694,-0.0047,0.186,-0.0115,-0.0946,0.0
201905,11001,"district of columbia, dc",656800.0,0.0105,0.0106,1504,0.054,0.0728,27.0,-0.0185,0.0192,1284,-0.1083,0.0937,26,1.1667,0.0,0.0083,0.0046,-0.001,470.0,0.25,0.0586,0.1616,0.0427,0.0149,297.0,-0.1121,-0.3101,511.0,0.0226,-0.0565,1472.0,0.008,0.1378,1010518.0,0.0183,-0.0104,1794,0.019,-0.0205,0.1975,-0.037,-0.1096,0.0
201904,11001,"district of columbia, dc",649950.0,0.0225,0.0366,1427,0.075,0.0697,27.0,-0.1563,0.0385,1440,0.2676,0.1784,12,-0.25,-0.3333,0.0037,-0.002,-0.0023,376.0,0.1899,-0.0457,0.1189,0.0051,-0.016,335.0,0.0585,-0.2148,500.0,0.0043,-0.0727,1461.0,0.0041,0.1684,992351.0,0.0196,-0.0058,1760,0.0719,-0.0011,0.2345,-0.0036,-0.085,0.0
201903,11001,"district of columbia, dc",635671.0,0.0168,0.0336,1327,0.065,0.1459,32.0,-0.1523,0.1034,1136,0.346,0.0677,16,-0.3333,0.3333,0.0058,-0.0045,0.001,316.0,0.0748,0.0395,0.1138,-0.0135,-0.0052,316.0,0.2061,-0.1319,498.0,0.0112,-0.0588,1455.0,-0.0034,0.1363,973280.0,0.0144,-0.0169,1642,0.0806,0.0704,0.2381,0.0279,-0.0762,0.0
201902,11001,"district of columbia, dc",625146.0,0.0089,0.052,1246,-0.025,0.2021,38.0,-0.3319,0.0067,844,0.169,0.0218,24,0.0,0.7143,0.0103,0.0001,0.0039,294.0,-0.1302,0.225,0.1273,-0.0177,0.0167,262.0,-0.0839,-0.2782,492.0,0.001,-0.0507,1460.0,0.0046,0.1533,959488.0,-0.0061,-0.0126,1520,-0.0266,0.0827,0.2103,-0.0135,-0.1399,0.0
201901,11001,"district of columbia, dc",619625.0,0.0329,0.0853,1278,-0.144,0.1629,57.0,0.1078,0.0273,722,0.2363,-0.0744,24,0.0,1.0,0.0102,0.0,0.0047,338.0,-0.0714,0.4322,0.145,0.0,0.0371,286.0,-0.12,0.0053,492.0,-0.0118,-0.0214,1453.0,0.0318,0.1367,965366.0,0.0285,0.0026,1561,-0.1451,0.1186,0.2238,0.0061,-0.0351,0.0
201812,11001,"district of columbia, dc",599900.0,-0.0402,0.0388,1493,-0.1868,0.1328,51.0,0.2593,0.02,584,-0.3146,0.1774,24,-0.2,0.2,0.0103,0.0005,0.0027,364.0,-0.3872,0.2466,0.145,-0.0479,0.011,325.0,-0.0327,-0.0607,498.0,-0.0279,-0.0121,1408.0,0.0494,0.0864,938591.0,0.0286,-0.0176,1826,-0.1593,0.098,0.2177,0.0347,-0.0448,0.0
201811,11001,"district of columbia, dc",625000.0,-0.0204,0.0301,1836,0.0025,0.101,41.0,0.3279,-0.0471,852,-0.2022,-0.0274,30,-0.3182,0.6667,0.0098,-0.0036,0.0026,594.0,-0.1818,0.2024,0.1929,-0.0304,0.026,336.0,-0.1204,-0.1894,512.0,-0.0258,0.0288,1342.0,0.0274,-0.0267,912524.0,-0.0244,-0.0571,2172,-0.0174,0.047,0.183,-0.0256,-0.0656,0.0
201810,11001,"district of columbia, dc",638000.0,0.0127,0.0248,1832,0.1376,0.1274,31.0,-0.0469,-0.0469,1068,-0.1785,-0.0413,44,0.2222,1.75,0.0134,0.0024,0.0083,726.0,0.3545,0.3545,0.2233,0.0659,0.0527,382.0,0.1202,-0.1064,526.0,0.0057,0.0426,1306.0,0.0203,-0.0095,935322.0,0.002,-0.0557,2211,0.1336,0.083,0.2086,-0.0032,-0.0546,0.0
201809,11001,"district of columbia, dc",630000.0,0.0088,0.008,1610,0.1402,0.0557,32.0,-0.2471,0.1852,1300,0.706,0.1607,36,0.0588,0.2857,0.011,-0.0029,0.002,536.0,0.3073,0.0894,0.1574,-0.0084,0.0101,341.0,-0.0435,-0.1189,523.0,-0.0042,0.0489,1280.0,0.0006,-0.0303,933470.0,-0.0257,-0.0432,1950,0.1033,0.0199,0.2118,-0.0407,-0.042,0.0
201808,11001,"district of columbia, dc",624500.0,-0.0303,0.0639,1412,-0.0658,0.1075,43.0,0.1644,-0.023,762,-0.2455,-0.0639,34,1.8333,0.4167,0.0139,0.0096,0.0031,410.0,-0.0465,0.1714,0.1657,0.0201,0.006,357.0,-0.0594,-0.0847,525.0,-0.0096,0.0861,1279.0,-0.0125,-0.016,958141.0,-0.0069,0.0171,1768,-0.0646,0.0722,0.2525,0.0017,-0.053,0.0
201807,11001,"district of columbia, dc",644000.0,-0.0077,0.0735,1512,0.005,0.0268,37.0,0.2167,0.0139,1010,-0.0818,0.1854,12,-0.25,-0.4,0.0043,-0.001,-0.0034,430.0,-0.1535,-0.0652,0.1456,-0.017,-0.0218,379.0,-0.1019,-0.2021,530.0,-0.012,0.0674,1296.0,-0.0035,-0.0186,964833.0,-0.0336,-0.0113,1890,-0.0195,-0.0275,0.2507,-0.0298,-0.0719,0.0
201806,11001,"district of columbia, dc",649000.0,-0.0014,0.043,1504,0.0731,-0.0189,30.0,0.1538,-0.0323,1100,-0.063,-0.0879,16,-0.3846,-0.2727,0.0053,-0.004,-0.0016,508.0,0.1441,0.0283,0.1626,0.0159,0.0098,422.0,-0.0197,-0.1397,536.0,-0.0103,0.0777,1300.0,0.0046,-0.0211,998424.0,-0.0222,0.0335,1927,0.0524,-0.0477,0.2806,-0.0266,-0.0394,0.0
201805,11001,"district of columbia, dc",649900.0,0.0365,0.0663,1402,0.051,-0.0081,26.0,0.0,-0.0545,1174,-0.0393,-0.0913,26,0.4444,0.0833,0.0093,0.0033,0.0021,444.0,0.1269,0.0423,0.1467,0.0118,0.0021,431.0,0.0106,-0.1551,542.0,0.005,0.0895,1294.0,0.0352,-0.0254,1021099.0,0.023,0.0413,1831,0.0392,-0.0456,0.3072,-0.0123,-0.0534,0.0
201804,11001,"district of columbia, dc",627000.0,0.0195,0.0288,1334,0.1516,0.0369,26.0,-0.1034,-0.1613,1222,0.1485,0.0534,18,0.5,-0.1,0.006,0.0013,-0.0009,394.0,0.2961,0.026,0.1349,0.0159,0.0022,426.0,0.1703,-0.1497,539.0,0.0194,0.1082,1250.0,-0.0234,-0.0922,998122.0,0.0082,0.0009,1762,0.1486,-0.014,0.3195,0.0051,-0.0701,0.0
201803,11001,"district of columbia, dc",615000.0,0.0349,0.0259,1158,0.1172,-0.0623,29.0,-0.2267,-0.0794,1064,0.2881,0.0726,12,-0.1429,-0.3333,0.0047,-0.0017,-0.002,304.0,0.2667,-0.0256,0.119,0.0084,0.0019,364.0,0.0028,-0.1911,529.0,0.02,0.1076,1280.0,0.0115,-0.0497,989995.0,0.0188,0.0107,1534,0.093,-0.0947,0.3143,-0.0359,-0.05,0.0
201802,11001,"district of columbia, dc",594250.0,0.0408,0.0341,1037,-0.0569,-0.1405,38.0,-0.3182,0.0714,826,0.059,-0.1175,14,0.1667,-0.5625,0.0064,0.0009,-0.0064,240.0,0.0169,-0.2053,0.1105,0.0026,-0.0076,363.0,0.2759,-0.1232,519.0,0.0318,0.0939,1266.0,-0.0098,-0.0224,971716.0,0.0092,0.0343,1404,0.0057,-0.1336,0.3502,0.0913,0.0069,0.0
201801,11001,"district of columbia, dc",570950.0,-0.0113,-0.007,1099,-0.1662,-0.0222,55.0,0.1,0.0377,780,0.5726,-0.0714,12,-0.4,-0.4,0.0055,-0.002,-0.0037,236.0,-0.1918,0.0631,0.1079,-0.0261,0.0079,285.0,-0.1777,-0.1742,503.0,-0.0024,0.0683,1278.0,-0.0139,-0.011,962898.0,0.0078,0.0134,1396,-0.1609,-0.0497,0.2589,-0.0036,-0.0476,0.0
201712,11001,"district of columbia, dc",577500.0,-0.0482,0.0331,1318,-0.2096,0.0444,50.0,0.1765,0.0204,496,-0.4338,0.0248,20,0.1111,0.6667,0.0075,0.0004,0.0019,292.0,-0.4089,0.4898,0.134,-0.0329,0.0417,346.0,-0.1653,-0.0822,504.0,0.0123,0.0918,1296.0,-0.0598,0.0109,955444.0,-0.0128,0.0653,1663,-0.1984,0.0146,0.2625,0.0139,-0.0362,0.0
201711,11001,"district of columbia, dc",606749.0,-0.0254,0.0693,1668,0.0265,0.1689,43.0,0.3281,0.1184,876,-0.2136,0.0478,18,0.125,-0.25,0.0072,0.0021,-0.0014,494.0,-0.0784,0.2602,0.1669,-0.0036,0.0284,415.0,-0.0304,-0.1218,498.0,-0.0127,0.0748,1379.0,0.0455,0.0767,967825.0,-0.0229,0.1,2075,0.0164,0.0887,0.2486,-0.0146,-0.0823,0.0
201710,11001,"district of columbia, dc",622557.0,-0.0039,0.0941,1625,0.0652,0.1472,32.0,0.1852,0.0667,1114,-0.0054,0.2004,16,-0.4286,0.3333,0.0051,-0.0039,0.0007,536.0,0.0894,0.2407,0.1705,0.0232,0.0155,428.0,0.1047,-0.1019,504.0,0.0118,0.0728,1319.0,-0.0011,0.0301,990469.0,0.0152,0.1325,2041,0.0675,0.0731,0.2632,0.0094,-0.073,0.0
201709,11001,"district of columbia, dc",625000.0,0.0647,0.1365,1525,0.1961,0.1393,27.0,-0.3793,-0.2174,1120,0.3759,-0.0123,28,0.1667,0.75,0.009,-0.0017,0.0038,492.0,0.4057,0.5,0.1473,-0.0125,0.0276,387.0,-0.0064,-0.0549,498.0,0.0311,0.0641,1320.0,0.0154,0.0675,975661.0,0.0356,0.1394,1912,0.1598,0.1004,0.2538,-0.0517,-0.0522,0.0
201708,11001,"district of columbia, dc",587000.0,-0.0215,0.0578,1275,-0.1338,0.0599,44.0,0.2083,0.0,814,-0.0446,0.1401,24,0.2,0.7143,0.0108,0.0031,0.005,350.0,-0.2391,0.2153,0.1598,-0.0076,0.0388,390.0,-0.18,-0.1919,483.0,-0.0267,0.0391,1300.0,-0.0152,0.0315,942078.0,-0.0346,0.0983,1649,-0.1516,-0.0217,0.3055,-0.0172,-0.0952,0.0
201707,11001,"district of columbia, dc",599900.0,-0.0359,0.0345,1472,-0.0398,0.1076,36.0,0.1613,-0.0769,852,-0.2935,-0.0405,20,-0.0909,0.0,0.0076,0.0007,0.0006,460.0,-0.0688,0.3068,0.1674,0.0146,0.0415,475.0,-0.0316,-0.0759,497.0,-0.0025,0.0434,1320.0,-0.006,0.056,975812.0,0.0101,0.1072,1943,-0.0398,0.0543,0.3227,0.0027,-0.0641,0.0
201706,11001,"district of columbia, dc",622223.0,,,1533,,,31.0,,,1206,,,22,,,0.0069,,,494.0,,,0.1528,,,491.0,,,498.0,,,1328.0,,,966071.0,,,2024,,,0.32,,,
201705,11001,"district of columbia, dc",609498.0,,,1413,,,28.0,,,1292,,,24,,,0.0072,,,426.0,,,0.1446,,,510.0,,,498.0,,,1328.0,,,980618.0,,,1919,,,0.3606,,,
201704,11001,"district of columbia, dc",609450.0,,,1286,,,31.0,,,1160,,,20,,,0.0069,,,384.0,,,0.1327,,,501.0,,,487.0,,,1377.0,,,997224.0,,,1787,,,0.3896,,,
201703,11001,"district of columbia, dc",599450.0,,,1235,,,32.0,,,992,,,18,,,0.0067,,,312.0,,,0.1171,,,450.0,,,478.0,,,1347.0,,,979546.0,,,1695,,,0.3644,,,
201702,11001,"district of columbia, dc",574675.0,,,1206,,,35.0,,,936,,,32,,,0.0128,,,302.0,,,0.1182,,,414.0,,,474.0,,,1295.0,,,939526.0,,,1620,,,0.3433,,,
201701,11001,"district of columbia, dc",575000.0,,,1124,,,53.0,,,840,,,20,,,0.0092,,,222.0,,,0.1,,,345.0,,,471.0,,,1292.0,,,950163.0,,,1469,,,0.3065,,,
201612,11001,"district of columbia, dc",559000.0,,,1262,,,49.0,,,484,,,12,,,0.0057,,,196.0,,,0.0923,,,377.0,,,462.0,,,1282.0,,,896862.0,,,1639,,,0.2987,,,
201611,11001,"district of columbia, dc",567450.0,,,1427,,,38.0,,,836,,,24,,,0.0086,,,392.0,,,0.1385,,,472.0,,,463.0,,,1280.0,,,879815.0,,,1906,,,0.3309,,,
201610,11001,"district of columbia, dc",569000.0,,,1416,,,30.0,,,928,,,12,,,0.0044,,,432.0,,,0.1551,,,476.0,,,470.0,,,1280.0,,,874551.0,,,1902,,,0.3362,,,
201609,11001,"district of columbia, dc",549950.0,,,1339,,,35.0,,,1134,,,16,,,0.0052,,,328.0,,,0.1197,,,410.0,,,468.0,,,1237.0,,,856288.0,,,1738,,,0.3059,,,
201608,11001,"district of columbia, dc",554900.0,,,1203,,,44.0,,,714,,,14,,,0.0058,,,288.0,,,0.121,,,482.0,,,465.0,,,1260.0,,,857724.0,,,1685,,,0.4007,,,
201607,11001,"district of columbia, dc",579900.0,,,1329,,,39.0,,,888,,,20,,,0.007,,,352.0,,,0.126,,,514.0,,,476.0,,,1250.0,,,881363.0,,,1843,,,0.3868,,,
